Iteración,Input Concreto,Condición de Ruta,Especificación para Z3,Resultado Z3,Renombres
1,"a=0, b=0, c=0",c1,iteracion1.smt,"a=1, b=1, c=1",c1=(a<=0 or b<=0 or c<=0)
2,"a=1, b=1, c=1",not c1 && not c2 && c3,iteracion2.smt,"a=1, b=2, c=3",c2=(not (a + b > c and a + c > b and b + c > a))
3,"a=2, b=3, c=4",not c1 && not c2 && not c3 && not c4,iteracion3.smt,"a=3, b=2, c=2",c3=(a == b and b == c)
4,"a=3, b=2, c=2",not c1 && not c2 && not c3 && c4,iteracion4.smt,"a=1, b=1, c=2",c4=(a == b or b == c or a == c)
5,"a=1, b=1, c=2",not c1 && c2,END,END,
